Id,Predicted
test_0001.jpeg,3
test_0002.jpeg,0
test_0003.jpeg,2
test_0004.jpeg,4
test_0005.jpeg,2
test_0006.jpeg,2
test_0007.jpeg,1
test_0008.jpeg,3
test_0009.jpeg,2
test_0010.jpeg,0
test_0011.jpeg,4
test_0012.jpeg,1
test_0013.jpeg,1
test_0014.jpeg,4
test_0015.jpeg,3
test_0016.jpeg,2
test_0017.jpeg,1
test_0018.jpeg,3
test_0019.jpeg,4
test_0020.jpeg,3
test_0021.jpeg,2
test_0022.jpeg,4
test_0023.jpeg,2
test_0024.jpeg,3
test_0025.jpeg,2
test_0026.jpeg,4
test_0027.jpeg,1
test_0028.jpeg,4
test_0029.jpeg,3
test_0030.jpeg,3
test_0031.jpeg,4
test_0032.jpeg,4
test_0033.jpeg,0
test_0034.jpeg,1
test_0035.jpeg,1
test_0036.jpeg,4
test_0037.jpeg,3
test_0038.jpeg,1
test_0039.jpeg,4
test_0040.jpeg,4
test_0041.jpeg,1
test_0042.jpeg,3
test_0043.jpeg,4
test_0044.jpeg,3
test_0045.jpeg,2
test_0046.jpeg,3
test_0047.jpeg,4
test_0048.jpeg,0
test_0049.jpeg,1
test_0050.jpeg,1
test_0051.jpeg,3
test_0052.jpeg,3
test_0053.jpeg,0
test_0054.jpeg,3
test_0055.jpeg,4
test_0056.jpeg,1
test_0057.jpeg,2
test_0058.jpeg,1
test_0059.jpeg,3
test_0060.jpeg,1
test_0061.jpeg,1
test_0062.jpeg,3
test_0063.jpeg,0
test_0064.jpeg,0
test_0065.jpeg,2
test_0066.jpeg,2
test_0067.jpeg,3
test_0068.jpeg,1
test_0069.jpeg,4
test_0070.jpeg,2
test_0071.jpeg,0
test_0072.jpeg,1
test_0073.jpeg,2
test_0074.jpeg,2
test_0075.jpeg,0
test_0076.jpeg,2
test_0077.jpeg,1
test_0078.jpeg,1
test_0079.jpeg,3
test_0080.jpeg,2
test_0081.jpeg,0
test_0082.jpeg,4
test_0083.jpeg,4
test_0084.jpeg,0
test_0085.jpeg,1
test_0086.jpeg,4
test_0087.jpeg,4
test_0088.jpeg,2
test_0089.jpeg,1
test_0090.jpeg,2
test_0091.jpeg,1
test_0092.jpeg,0
test_0093.jpeg,1
test_0094.jpeg,1
test_0095.jpeg,2
test_0096.jpeg,2
test_0097.jpeg,4
test_0098.jpeg,2
test_0099.jpeg,0
test_0100.jpeg,1
test_0101.jpeg,4
test_0102.jpeg,0
test_0103.jpeg,3
test_0104.jpeg,1
test_0105.jpeg,4
test_0106.jpeg,3
test_0107.jpeg,4
test_0108.jpeg,0
test_0109.jpeg,1
test_0110.jpeg,3
test_0111.jpeg,4
test_0112.jpeg,3
test_0113.jpeg,0
test_0114.jpeg,4
test_0115.jpeg,0
test_0116.jpeg,2
test_0117.jpeg,1
test_0118.jpeg,3
test_0119.jpeg,3
test_0120.jpeg,4
test_0121.jpeg,4
test_0122.jpeg,2
test_0123.jpeg,0
test_0124.jpeg,4
test_0125.jpeg,3
test_0126.jpeg,1
test_0127.jpeg,3
test_0128.jpeg,3
test_0129.jpeg,2
test_0130.jpeg,0
test_0131.jpeg,3
test_0132.jpeg,3
test_0133.jpeg,3
test_0134.jpeg,1
test_0135.jpeg,0
test_0136.jpeg,3
test_0137.jpeg,4
test_0138.jpeg,3
test_0139.jpeg,2
test_0140.jpeg,2
test_0141.jpeg,4
test_0142.jpeg,1
test_0143.jpeg,0
test_0144.jpeg,2
test_0145.jpeg,1
test_0146.jpeg,2
test_0147.jpeg,0
test_0148.jpeg,1
test_0149.jpeg,0
test_0150.jpeg,3
test_0151.jpeg,1
test_0152.jpeg,2
test_0153.jpeg,4
test_0154.jpeg,1
test_0155.jpeg,2
test_0156.jpeg,3
test_0157.jpeg,1
test_0158.jpeg,3
test_0159.jpeg,3
test_0160.jpeg,2
test_0161.jpeg,4
test_0162.jpeg,0
test_0163.jpeg,3
test_0164.jpeg,2
test_0165.jpeg,1
test_0166.jpeg,3
test_0167.jpeg,2
test_0168.jpeg,0
test_0169.jpeg,4
test_0170.jpeg,2
test_0171.jpeg,1
test_0172.jpeg,3
test_0173.jpeg,4
test_0174.jpeg,1
test_0175.jpeg,0
test_0176.jpeg,3
test_0177.jpeg,4
test_0178.jpeg,1
test_0179.jpeg,2
test_0180.jpeg,4
test_0181.jpeg,2
test_0182.jpeg,1
test_0183.jpeg,0
test_0184.jpeg,3
test_0185.jpeg,4
test_0186.jpeg,0
test_0187.jpeg,1
test_0188.jpeg,1
test_0189.jpeg,3
test_0190.jpeg,4
test_0191.jpeg,3
test_0192.jpeg,2
test_0193.jpeg,4
test_0194.jpeg,3
test_0195.jpeg,0
test_0196.jpeg,1
test_0197.jpeg,4
test_0198.jpeg,0
test_0199.jpeg,3
test_0200.jpeg,3
test_0201.jpeg,0
test_0202.jpeg,3
test_0203.jpeg,3
test_0204.jpeg,2
test_0205.jpeg,0
test_0206.jpeg,0
test_0207.jpeg,3
test_0208.jpeg,3
test_0209.jpeg,3
test_0210.jpeg,3
test_0211.jpeg,1
test_0212.jpeg,0
test_0213.jpeg,3
test_0214.jpeg,2
test_0215.jpeg,4
test_0216.jpeg,4
test_0217.jpeg,2
test_0218.jpeg,0
test_0219.jpeg,1
test_0220.jpeg,1
test_0221.jpeg,4
test_0222.jpeg,1
test_0223.jpeg,1
test_0224.jpeg,1
test_0225.jpeg,0
test_0226.jpeg,3
test_0227.jpeg,2
test_0228.jpeg,0
test_0229.jpeg,1
test_0230.jpeg,1
test_0231.jpeg,3
test_0232.jpeg,3
test_0233.jpeg,2
test_0234.jpeg,4
test_0235.jpeg,1
test_0236.jpeg,1
test_0237.jpeg,4
test_0238.jpeg,4
test_0239.jpeg,4
test_0240.jpeg,0
test_0241.jpeg,3
test_0242.jpeg,3
test_0243.jpeg,2
test_0244.jpeg,4
test_0245.jpeg,2
test_0246.jpeg,3
test_0247.jpeg,3
test_0248.jpeg,3
test_0249.jpeg,4
test_0250.jpeg,0
test_0251.jpeg,4
test_0252.jpeg,4
test_0253.jpeg,2
test_0254.jpeg,3
test_0255.jpeg,0
test_0256.jpeg,2
test_0257.jpeg,4
test_0258.jpeg,3
test_0259.jpeg,0
test_0260.jpeg,1
test_0261.jpeg,1
test_0262.jpeg,1
test_0263.jpeg,1
test_0264.jpeg,3
test_0265.jpeg,3
test_0266.jpeg,1
test_0267.jpeg,4
test_0268.jpeg,2
test_0269.jpeg,4
test_0270.jpeg,0
test_0271.jpeg,4
test_0272.jpeg,2
test_0273.jpeg,2
test_0274.jpeg,4
test_0275.jpeg,4
test_0276.jpeg,4
test_0277.jpeg,3
test_0278.jpeg,0
test_0279.jpeg,0
test_0280.jpeg,2
test_0281.jpeg,3
test_0282.jpeg,3
test_0283.jpeg,1
test_0284.jpeg,3
test_0285.jpeg,3
test_0286.jpeg,4
test_0287.jpeg,0
test_0288.jpeg,3
test_0289.jpeg,2
test_0290.jpeg,2
test_0291.jpeg,0
test_0292.jpeg,0
test_0293.jpeg,3
test_0294.jpeg,0
test_0295.jpeg,0
test_0296.jpeg,2
test_0297.jpeg,2
test_0298.jpeg,0
test_0299.jpeg,1
test_0300.jpeg,2
test_0301.jpeg,3
test_0302.jpeg,3
test_0303.jpeg,4
test_0304.jpeg,4
test_0305.jpeg,4
test_0306.jpeg,2
test_0307.jpeg,0
test_0308.jpeg,4
test_0309.jpeg,1
test_0310.jpeg,2
test_0311.jpeg,0
test_0312.jpeg,4
test_0313.jpeg,4
test_0314.jpeg,0
test_0315.jpeg,0
test_0316.jpeg,4
test_0317.jpeg,3
test_0318.jpeg,0
test_0319.jpeg,0
test_0320.jpeg,1
test_0321.jpeg,1
test_0322.jpeg,2
test_0323.jpeg,3
test_0324.jpeg,0
test_0325.jpeg,2
test_0326.jpeg,2
test_0327.jpeg,0
test_0328.jpeg,0
test_0329.jpeg,2
test_0330.jpeg,2
test_0331.jpeg,0
test_0332.jpeg,4
test_0333.jpeg,4
test_0334.jpeg,2
test_0335.jpeg,2
test_0336.jpeg,4
test_0337.jpeg,3
test_0338.jpeg,1
test_0339.jpeg,3
test_0340.jpeg,2
test_0341.jpeg,0
test_0342.jpeg,4
test_0343.jpeg,1
test_0344.jpeg,1
test_0345.jpeg,2
test_0346.jpeg,2
test_0347.jpeg,3
test_0348.jpeg,1
test_0349.jpeg,3
test_0350.jpeg,3
test_0351.jpeg,1
test_0352.jpeg,1
test_0353.jpeg,1
test_0354.jpeg,1
test_0355.jpeg,2
test_0356.jpeg,3
test_0357.jpeg,4
test_0358.jpeg,2
test_0359.jpeg,2
test_0360.jpeg,0
test_0361.jpeg,4
test_0362.jpeg,0
test_0363.jpeg,2
test_0364.jpeg,0
test_0365.jpeg,2
test_0366.jpeg,3
test_0367.jpeg,2
test_0368.jpeg,0
test_0369.jpeg,0
test_0370.jpeg,0
test_0371.jpeg,2
test_0372.jpeg,4
test_0373.jpeg,3
test_0374.jpeg,0
test_0375.jpeg,1
test_0376.jpeg,4
test_0377.jpeg,1
test_0378.jpeg,4
test_0379.jpeg,1
test_0380.jpeg,0
test_0381.jpeg,0
test_0382.jpeg,0
test_0383.jpeg,4
test_0384.jpeg,1
test_0385.jpeg,3
test_0386.jpeg,2
test_0387.jpeg,2
test_0388.jpeg,4
test_0389.jpeg,1
test_0390.jpeg,0
test_0391.jpeg,0
test_0392.jpeg,3
test_0393.jpeg,2
test_0394.jpeg,4
test_0395.jpeg,1
test_0396.jpeg,3
test_0397.jpeg,2
test_0398.jpeg,1
test_0399.jpeg,4
test_0400.jpeg,4
test_0401.jpeg,0
test_0402.jpeg,4
test_0403.jpeg,3
test_0404.jpeg,0
test_0405.jpeg,3
test_0406.jpeg,0
test_0407.jpeg,3
test_0408.jpeg,4
test_0409.jpeg,0
test_0410.jpeg,1
test_0411.jpeg,4
test_0412.jpeg,2
test_0413.jpeg,3
test_0414.jpeg,1
test_0415.jpeg,0
test_0416.jpeg,3
test_0417.jpeg,2
test_0418.jpeg,3
test_0419.jpeg,1
test_0420.jpeg,3
test_0421.jpeg,3
test_0422.jpeg,3
test_0423.jpeg,0
test_0424.jpeg,1
test_0425.jpeg,3
test_0426.jpeg,3
test_0427.jpeg,0
test_0428.jpeg,4
test_0429.jpeg,2
test_0430.jpeg,1
test_0431.jpeg,2
test_0432.jpeg,1
test_0433.jpeg,0
test_0434.jpeg,2
test_0435.jpeg,1
test_0436.jpeg,3
test_0437.jpeg,3
test_0438.jpeg,2
test_0439.jpeg,4
test_0440.jpeg,1
test_0441.jpeg,3
test_0442.jpeg,3
test_0443.jpeg,4
test_0444.jpeg,3
test_0445.jpeg,1
test_0446.jpeg,0
test_0447.jpeg,4
test_0448.jpeg,3
test_0449.jpeg,1
test_0450.jpeg,1
test_0451.jpeg,1
test_0452.jpeg,3
test_0453.jpeg,3
test_0454.jpeg,1
test_0455.jpeg,0
test_0456.jpeg,4
test_0457.jpeg,2
test_0458.jpeg,3
test_0459.jpeg,4
test_0460.jpeg,4
test_0461.jpeg,4
test_0462.jpeg,2
test_0463.jpeg,4
test_0464.jpeg,1
test_0465.jpeg,3
test_0466.jpeg,0
test_0467.jpeg,1
test_0468.jpeg,3
test_0469.jpeg,2
test_0470.jpeg,0
test_0471.jpeg,4
test_0472.jpeg,0
test_0473.jpeg,3
test_0474.jpeg,0
test_0475.jpeg,2
test_0476.jpeg,2
test_0477.jpeg,2
test_0478.jpeg,4
test_0479.jpeg,3
test_0480.jpeg,4
test_0481.jpeg,3
test_0482.jpeg,4
test_0483.jpeg,4
test_0484.jpeg,0
test_0485.jpeg,2
test_0486.jpeg,0
test_0487.jpeg,0
test_0488.jpeg,3
test_0489.jpeg,0
test_0490.jpeg,4
test_0491.jpeg,1
test_0492.jpeg,0
test_0493.jpeg,1
test_0494.jpeg,1
test_0495.jpeg,0
test_0496.jpeg,2
test_0497.jpeg,3
test_0498.jpeg,0
test_0499.jpeg,0
test_0500.jpeg,2
test_0501.jpeg,1
test_0502.jpeg,3
test_0503.jpeg,4
test_0504.jpeg,4
test_0505.jpeg,0
test_0506.jpeg,4
test_0507.jpeg,3
test_0508.jpeg,2
test_0509.jpeg,2
test_0510.jpeg,1
test_0511.jpeg,1
test_0512.jpeg,1
test_0513.jpeg,2
test_0514.jpeg,2
test_0515.jpeg,0
test_0516.jpeg,3
test_0517.jpeg,3
test_0518.jpeg,3
test_0519.jpeg,1
test_0520.jpeg,3
test_0521.jpeg,4
test_0522.jpeg,3
test_0523.jpeg,2
test_0524.jpeg,2
test_0525.jpeg,3
test_0526.jpeg,0
test_0527.jpeg,1
test_0528.jpeg,2
test_0529.jpeg,3
test_0530.jpeg,0
test_0531.jpeg,4
test_0532.jpeg,4
test_0533.jpeg,0
test_0534.jpeg,2
test_0535.jpeg,2
test_0536.jpeg,1
test_0537.jpeg,4
test_0538.jpeg,4
test_0539.jpeg,1
test_0540.jpeg,1
test_0541.jpeg,1
test_0542.jpeg,2
test_0543.jpeg,4
test_0544.jpeg,3
test_0545.jpeg,0
test_0546.jpeg,3
test_0547.jpeg,0
test_0548.jpeg,2
test_0549.jpeg,1
test_0550.jpeg,0
test_0551.jpeg,4
test_0552.jpeg,0
test_0553.jpeg,4
test_0554.jpeg,3
test_0555.jpeg,4
test_0556.jpeg,1
test_0557.jpeg,2
test_0558.jpeg,4
test_0559.jpeg,2
test_0560.jpeg,1
test_0561.jpeg,0
test_0562.jpeg,4
test_0563.jpeg,1
test_0564.jpeg,0
test_0565.jpeg,4
test_0566.jpeg,4
test_0567.jpeg,4
test_0568.jpeg,2
test_0569.jpeg,2
test_0570.jpeg,3
test_0571.jpeg,2
test_0572.jpeg,1
test_0573.jpeg,4
test_0574.jpeg,2
test_0575.jpeg,1
test_0576.jpeg,1
test_0577.jpeg,2
test_0578.jpeg,3
test_0579.jpeg,1
test_0580.jpeg,0
test_0581.jpeg,0
test_0582.jpeg,0
test_0583.jpeg,1
test_0584.jpeg,1
test_0585.jpeg,1
test_0586.jpeg,1
test_0587.jpeg,3
test_0588.jpeg,2
test_0589.jpeg,0
test_0590.jpeg,0
test_0591.jpeg,3
test_0592.jpeg,2
test_0593.jpeg,4
test_0594.jpeg,2
test_0595.jpeg,0
test_0596.jpeg,0
test_0597.jpeg,1
test_0598.jpeg,0
test_0599.jpeg,4
test_0600.jpeg,3
test_0601.jpeg,4
test_0602.jpeg,0
test_0603.jpeg,0
test_0604.jpeg,1
test_0605.jpeg,4
test_0606.jpeg,2
test_0607.jpeg,4
test_0608.jpeg,4
test_0609.jpeg,4
test_0610.jpeg,0
test_0611.jpeg,0
test_0612.jpeg,0
test_0613.jpeg,2
test_0614.jpeg,2
test_0615.jpeg,4
test_0616.jpeg,4
test_0617.jpeg,4
test_0618.jpeg,1
test_0619.jpeg,1
test_0620.jpeg,1
test_0621.jpeg,1
test_0622.jpeg,2
test_0623.jpeg,4
test_0624.jpeg,4
test_0625.jpeg,0
test_0626.jpeg,2
test_0627.jpeg,2
test_0628.jpeg,0
test_0629.jpeg,2
test_0630.jpeg,3
test_0631.jpeg,2
test_0632.jpeg,3
test_0633.jpeg,0
test_0634.jpeg,3
test_0635.jpeg,4
test_0636.jpeg,0
test_0637.jpeg,3
test_0638.jpeg,3
test_0639.jpeg,3
test_0640.jpeg,4
test_0641.jpeg,2
test_0642.jpeg,4
test_0643.jpeg,1
test_0644.jpeg,3
test_0645.jpeg,2
test_0646.jpeg,0
test_0647.jpeg,1
test_0648.jpeg,1
test_0649.jpeg,3
test_0650.jpeg,3
test_0651.jpeg,1
test_0652.jpeg,1
test_0653.jpeg,3
test_0654.jpeg,0
test_0655.jpeg,2
test_0656.jpeg,2
test_0657.jpeg,2
test_0658.jpeg,3
test_0659.jpeg,4
test_0660.jpeg,2
test_0661.jpeg,4
test_0662.jpeg,2
test_0663.jpeg,3
test_0664.jpeg,1
test_0665.jpeg,0
test_0666.jpeg,4
test_0667.jpeg,1
test_0668.jpeg,1
test_0669.jpeg,2
test_0670.jpeg,1
test_0671.jpeg,1
test_0672.jpeg,3
test_0673.jpeg,2
test_0674.jpeg,0
test_0675.jpeg,1
test_0676.jpeg,1
test_0677.jpeg,2
test_0678.jpeg,1
test_0679.jpeg,0
test_0680.jpeg,2
test_0681.jpeg,2
test_0682.jpeg,4
test_0683.jpeg,1
test_0684.jpeg,0
test_0685.jpeg,1
test_0686.jpeg,3
test_0687.jpeg,4
test_0688.jpeg,3
test_0689.jpeg,4
test_0690.jpeg,2
test_0691.jpeg,0
test_0692.jpeg,0
test_0693.jpeg,4
test_0694.jpeg,4
test_0695.jpeg,3
test_0696.jpeg,4
test_0697.jpeg,4
test_0698.jpeg,3
test_0699.jpeg,2
test_0700.jpeg,4
test_0701.jpeg,0
test_0702.jpeg,2
test_0703.jpeg,4
test_0704.jpeg,2
test_0705.jpeg,4
test_0706.jpeg,4
test_0707.jpeg,2
test_0708.jpeg,2
test_0709.jpeg,1
test_0710.jpeg,1
test_0711.jpeg,0
test_0712.jpeg,4
test_0713.jpeg,1
test_0714.jpeg,4
test_0715.jpeg,2
test_0716.jpeg,1
test_0717.jpeg,2
test_0718.jpeg,3
test_0719.jpeg,0
test_0720.jpeg,4
test_0721.jpeg,4
test_0722.jpeg,4
test_0723.jpeg,0
test_0724.jpeg,0
test_0725.jpeg,1
test_0726.jpeg,0
test_0727.jpeg,4
test_0728.jpeg,2
test_0729.jpeg,2
test_0730.jpeg,4
test_0731.jpeg,3
test_0732.jpeg,4
test_0733.jpeg,1
test_0734.jpeg,0
test_0735.jpeg,3
test_0736.jpeg,3
test_0737.jpeg,3
test_0738.jpeg,3
test_0739.jpeg,2
test_0740.jpeg,0
test_0741.jpeg,3
test_0742.jpeg,1
test_0743.jpeg,0
test_0744.jpeg,3
test_0745.jpeg,4
test_0746.jpeg,4
test_0747.jpeg,2
test_0748.jpeg,3
test_0749.jpeg,4
test_0750.jpeg,1
test_0751.jpeg,0
test_0752.jpeg,0
test_0753.jpeg,0
test_0754.jpeg,1
test_0755.jpeg,2
test_0756.jpeg,2
test_0757.jpeg,1
test_0758.jpeg,4
test_0759.jpeg,2
test_0760.jpeg,4
test_0761.jpeg,0
test_0762.jpeg,1
test_0763.jpeg,3
test_0764.jpeg,4
test_0765.jpeg,0
test_0766.jpeg,0
test_0767.jpeg,2
test_0768.jpeg,3
test_0769.jpeg,0
test_0770.jpeg,2
test_0771.jpeg,2
test_0772.jpeg,1
test_0773.jpeg,2
test_0774.jpeg,4
test_0775.jpeg,3
test_0776.jpeg,3
test_0777.jpeg,0
test_0778.jpeg,0
test_0779.jpeg,2
test_0780.jpeg,3
test_0781.jpeg,4
test_0782.jpeg,0
test_0783.jpeg,3
test_0784.jpeg,2
test_0785.jpeg,2
test_0786.jpeg,2
test_0787.jpeg,4
test_0788.jpeg,4
test_0789.jpeg,1
test_0790.jpeg,2
test_0791.jpeg,2
test_0792.jpeg,1
test_0793.jpeg,2
test_0794.jpeg,4
test_0795.jpeg,0
test_0796.jpeg,2
test_0797.jpeg,3
test_0798.jpeg,0
test_0799.jpeg,0
test_0800.jpeg,1
test_0801.jpeg,0
test_0802.jpeg,0
test_0803.jpeg,1
test_0804.jpeg,2
test_0805.jpeg,1
test_0806.jpeg,0
test_0807.jpeg,4
test_0808.jpeg,0
test_0809.jpeg,0
test_0810.jpeg,0
test_0811.jpeg,2
test_0812.jpeg,0
test_0813.jpeg,3
test_0814.jpeg,3
test_0815.jpeg,4
test_0816.jpeg,2
test_0817.jpeg,3
test_0818.jpeg,0
test_0819.jpeg,1
test_0820.jpeg,2
test_0821.jpeg,0
test_0822.jpeg,2
test_0823.jpeg,3
test_0824.jpeg,3
test_0825.jpeg,3
test_0826.jpeg,2
test_0827.jpeg,2
test_0828.jpeg,0
test_0829.jpeg,1
test_0830.jpeg,0
test_0831.jpeg,1
test_0832.jpeg,4
test_0833.jpeg,1
test_0834.jpeg,0
test_0835.jpeg,3
test_0836.jpeg,4
test_0837.jpeg,3
test_0838.jpeg,0
test_0839.jpeg,1
test_0840.jpeg,4
test_0841.jpeg,3
test_0842.jpeg,0
test_0843.jpeg,0
test_0844.jpeg,2
test_0845.jpeg,2
test_0846.jpeg,3
test_0847.jpeg,4
test_0848.jpeg,3
test_0849.jpeg,1
test_0850.jpeg,1
test_0851.jpeg,4
test_0852.jpeg,3
test_0853.jpeg,3
test_0854.jpeg,4
test_0855.jpeg,1
test_0856.jpeg,2
test_0857.jpeg,1
test_0858.jpeg,0
test_0859.jpeg,3
test_0860.jpeg,3
test_0861.jpeg,3
test_0862.jpeg,3
test_0863.jpeg,0
test_0864.jpeg,2
test_0865.jpeg,2
test_0866.jpeg,1
test_0867.jpeg,0
test_0868.jpeg,4
test_0869.jpeg,3
test_0870.jpeg,1
test_0871.jpeg,4
test_0872.jpeg,4
test_0873.jpeg,4
test_0874.jpeg,1
test_0875.jpeg,3
test_0876.jpeg,1
test_0877.jpeg,0
test_0878.jpeg,1
test_0879.jpeg,3
test_0880.jpeg,2
test_0881.jpeg,4
test_0882.jpeg,3
test_0883.jpeg,4
test_0884.jpeg,2
test_0885.jpeg,2
test_0886.jpeg,1
test_0887.jpeg,0
test_0888.jpeg,1
test_0889.jpeg,4
test_0890.jpeg,0
test_0891.jpeg,0
test_0892.jpeg,2
test_0893.jpeg,0
test_0894.jpeg,0
test_0895.jpeg,3
test_0896.jpeg,0
test_0897.jpeg,2
test_0898.jpeg,2
test_0899.jpeg,3
test_0900.jpeg,2
test_0901.jpeg,4
test_0902.jpeg,4
test_0903.jpeg,0
test_0904.jpeg,2
test_0905.jpeg,1
test_0906.jpeg,0
test_0907.jpeg,0
test_0908.jpeg,4
test_0909.jpeg,0
test_0910.jpeg,2
test_0911.jpeg,1
test_0912.jpeg,0
test_0913.jpeg,0
test_0914.jpeg,4
test_0915.jpeg,3
test_0916.jpeg,3
test_0917.jpeg,4
test_0918.jpeg,0
test_0919.jpeg,1
test_0920.jpeg,3
test_0921.jpeg,1
test_0922.jpeg,4
test_0923.jpeg,0
test_0924.jpeg,4
test_0925.jpeg,4
test_0926.jpeg,3
test_0927.jpeg,2
test_0928.jpeg,0
test_0929.jpeg,2
test_0930.jpeg,4
test_0931.jpeg,0
test_0932.jpeg,3
test_0933.jpeg,4
test_0934.jpeg,0
test_0935.jpeg,4
test_0936.jpeg,2
test_0937.jpeg,2
test_0938.jpeg,1
test_0939.jpeg,2
test_0940.jpeg,1
test_0941.jpeg,2
test_0942.jpeg,0
test_0943.jpeg,4
test_0944.jpeg,1
test_0945.jpeg,3
test_0946.jpeg,2
test_0947.jpeg,1
test_0948.jpeg,4
test_0949.jpeg,0
test_0950.jpeg,1
test_0951.jpeg,1
test_0952.jpeg,3
test_0953.jpeg,0
test_0954.jpeg,3
test_0955.jpeg,4
test_0956.jpeg,2
test_0957.jpeg,1
test_0958.jpeg,0
test_0959.jpeg,1
test_0960.jpeg,0
test_0961.jpeg,0
test_0962.jpeg,1
test_0963.jpeg,1
test_0964.jpeg,1
test_0965.jpeg,0
test_0966.jpeg,0
test_0967.jpeg,0
test_0968.jpeg,0
test_0969.jpeg,1
test_0970.jpeg,0
test_0971.jpeg,1
test_0972.jpeg,4
test_0973.jpeg,3
test_0974.jpeg,2
test_0975.jpeg,0
test_0976.jpeg,2
test_0977.jpeg,0
test_0978.jpeg,3
test_0979.jpeg,3
test_0980.jpeg,4
test_0981.jpeg,3
test_0982.jpeg,2
test_0983.jpeg,1
test_0984.jpeg,1
test_0985.jpeg,0
test_0986.jpeg,4
test_0987.jpeg,4
test_0988.jpeg,4
test_0989.jpeg,3
test_0990.jpeg,2
test_0991.jpeg,3
test_0992.jpeg,0
test_0993.jpeg,3
test_0994.jpeg,3
test_0995.jpeg,4
test_0996.jpeg,0
test_0997.jpeg,1
test_0998.jpeg,2
test_0999.jpeg,3
test_1000.jpeg,1
test_1001.jpeg,2
test_1002.jpeg,2
test_1003.jpeg,1
test_1004.jpeg,0
test_1005.jpeg,1
test_1006.jpeg,1
test_1007.jpeg,2
test_1008.jpeg,4
test_1009.jpeg,4
test_1010.jpeg,4
test_1011.jpeg,0
test_1012.jpeg,1
test_1013.jpeg,4
test_1014.jpeg,1
test_1015.jpeg,1
test_1016.jpeg,4
test_1017.jpeg,3
test_1018.jpeg,2
test_1019.jpeg,2
test_1020.jpeg,1
test_1021.jpeg,1
test_1022.jpeg,3
test_1023.jpeg,3
test_1024.jpeg,0
test_1025.jpeg,4
test_1026.jpeg,3
test_1027.jpeg,2
test_1028.jpeg,0
test_1029.jpeg,0
test_1030.jpeg,1
test_1031.jpeg,0
test_1032.jpeg,4
test_1033.jpeg,0
test_1034.jpeg,2
test_1035.jpeg,2
test_1036.jpeg,1
test_1037.jpeg,3
test_1038.jpeg,4
test_1039.jpeg,0
test_1040.jpeg,4
test_1041.jpeg,0
test_1042.jpeg,1
test_1043.jpeg,1
test_1044.jpeg,1
test_1045.jpeg,1
test_1046.jpeg,2
test_1047.jpeg,2
test_1048.jpeg,0
test_1049.jpeg,2
test_1050.jpeg,3
test_1051.jpeg,1
test_1052.jpeg,0
test_1053.jpeg,2
test_1054.jpeg,0
test_1055.jpeg,2
test_1056.jpeg,0
test_1057.jpeg,0
test_1058.jpeg,0
test_1059.jpeg,0
test_1060.jpeg,1
test_1061.jpeg,0
test_1062.jpeg,1
test_1063.jpeg,3
test_1064.jpeg,1
test_1065.jpeg,0
test_1066.jpeg,1
test_1067.jpeg,3
test_1068.jpeg,3
test_1069.jpeg,2
test_1070.jpeg,3
test_1071.jpeg,1
test_1072.jpeg,4
test_1073.jpeg,0
test_1074.jpeg,0
test_1075.jpeg,4
test_1076.jpeg,0
test_1077.jpeg,2
test_1078.jpeg,0
test_1079.jpeg,3
test_1080.jpeg,3
test_1081.jpeg,4
test_1082.jpeg,1
test_1083.jpeg,1
test_1084.jpeg,3
test_1085.jpeg,1
test_1086.jpeg,0
test_1087.jpeg,3
test_1088.jpeg,1
test_1089.jpeg,0
test_1090.jpeg,2
test_1091.jpeg,1
test_1092.jpeg,3
test_1093.jpeg,3
test_1094.jpeg,3
test_1095.jpeg,4
test_1096.jpeg,1
test_1097.jpeg,4
test_1098.jpeg,1
test_1099.jpeg,0
test_1100.jpeg,1
test_1101.jpeg,2
test_1102.jpeg,2
test_1103.jpeg,4
test_1104.jpeg,0
test_1105.jpeg,1
test_1106.jpeg,3
test_1107.jpeg,2
test_1108.jpeg,3
test_1109.jpeg,2
test_1110.jpeg,3
test_1111.jpeg,3
test_1112.jpeg,2
test_1113.jpeg,0
test_1114.jpeg,1
test_1115.jpeg,1
test_1116.jpeg,1
test_1117.jpeg,1
test_1118.jpeg,1
test_1119.jpeg,4
test_1120.jpeg,2
test_1121.jpeg,2
test_1122.jpeg,1
test_1123.jpeg,3
test_1124.jpeg,1
test_1125.jpeg,0
test_1126.jpeg,4
test_1127.jpeg,4
test_1128.jpeg,1
test_1129.jpeg,3
test_1130.jpeg,0
test_1131.jpeg,2
test_1132.jpeg,0
test_1133.jpeg,0
test_1134.jpeg,3
test_1135.jpeg,0
test_1136.jpeg,0
test_1137.jpeg,2
test_1138.jpeg,1
test_1139.jpeg,3
test_1140.jpeg,4
test_1141.jpeg,1
test_1142.jpeg,4
test_1143.jpeg,3
test_1144.jpeg,0
test_1145.jpeg,0
test_1146.jpeg,4
test_1147.jpeg,4
test_1148.jpeg,0
test_1149.jpeg,2
test_1150.jpeg,3
test_1151.jpeg,4
test_1152.jpeg,1
test_1153.jpeg,1
test_1154.jpeg,3
test_1155.jpeg,2
test_1156.jpeg,2
test_1157.jpeg,4
test_1158.jpeg,2
test_1159.jpeg,2
test_1160.jpeg,0
test_1161.jpeg,2
test_1162.jpeg,2
test_1163.jpeg,3
test_1164.jpeg,4
test_1165.jpeg,2
test_1166.jpeg,0
test_1167.jpeg,2
test_1168.jpeg,1
test_1169.jpeg,3
test_1170.jpeg,3
test_1171.jpeg,3
test_1172.jpeg,2
test_1173.jpeg,2
test_1174.jpeg,3
test_1175.jpeg,4
test_1176.jpeg,3
test_1177.jpeg,3
test_1178.jpeg,3
test_1179.jpeg,3
test_1180.jpeg,1
test_1181.jpeg,0
test_1182.jpeg,3
test_1183.jpeg,4
test_1184.jpeg,3
test_1185.jpeg,0
test_1186.jpeg,3
test_1187.jpeg,1
test_1188.jpeg,2
test_1189.jpeg,1
test_1190.jpeg,1
test_1191.jpeg,4
test_1192.jpeg,0
test_1193.jpeg,2
test_1194.jpeg,1
test_1195.jpeg,1
test_1196.jpeg,3
test_1197.jpeg,2
test_1198.jpeg,3
test_1199.jpeg,3
test_1200.jpeg,1
test_1201.jpeg,4
test_1202.jpeg,4
test_1203.jpeg,1
test_1204.jpeg,2
test_1205.jpeg,3
test_1206.jpeg,2
test_1207.jpeg,0
test_1208.jpeg,2
test_1209.jpeg,3
test_1210.jpeg,3
test_1211.jpeg,2
test_1212.jpeg,3
test_1213.jpeg,0
test_1214.jpeg,3
test_1215.jpeg,1
test_1216.jpeg,4
test_1217.jpeg,1
test_1218.jpeg,3
test_1219.jpeg,2
test_1220.jpeg,0
test_1221.jpeg,1
test_1222.jpeg,1
test_1223.jpeg,2
test_1224.jpeg,0
test_1225.jpeg,0
test_1226.jpeg,0
test_1227.jpeg,4
test_1228.jpeg,2
test_1229.jpeg,0
test_1230.jpeg,2
test_1231.jpeg,4
test_1232.jpeg,0
test_1233.jpeg,0
test_1234.jpeg,1
test_1235.jpeg,0
test_1236.jpeg,3
test_1237.jpeg,2
test_1238.jpeg,3
test_1239.jpeg,1
test_1240.jpeg,2
test_1241.jpeg,1
test_1242.jpeg,2
test_1243.jpeg,2
test_1244.jpeg,2
test_1245.jpeg,1
test_1246.jpeg,4
test_1247.jpeg,2
test_1248.jpeg,0
test_1249.jpeg,4
test_1250.jpeg,4
test_1251.jpeg,2
test_1252.jpeg,1
test_1253.jpeg,3
test_1254.jpeg,0
test_1255.jpeg,0
test_1256.jpeg,3
test_1257.jpeg,3
test_1258.jpeg,1
test_1259.jpeg,4
test_1260.jpeg,4
test_1261.jpeg,3
test_1262.jpeg,2
test_1263.jpeg,3
test_1264.jpeg,0
test_1265.jpeg,1
test_1266.jpeg,4
test_1267.jpeg,0
test_1268.jpeg,0
test_1269.jpeg,1
test_1270.jpeg,1
test_1271.jpeg,1
test_1272.jpeg,2
test_1273.jpeg,3
test_1274.jpeg,0
test_1275.jpeg,0
test_1276.jpeg,1
test_1277.jpeg,1
test_1278.jpeg,2
test_1279.jpeg,2
test_1280.jpeg,4
test_1281.jpeg,4
test_1282.jpeg,1
test_1283.jpeg,4
test_1284.jpeg,1
test_1285.jpeg,1
test_1286.jpeg,4
test_1287.jpeg,1
test_1288.jpeg,2
test_1289.jpeg,2
test_1290.jpeg,0
test_1291.jpeg,1
test_1292.jpeg,3
test_1293.jpeg,3
test_1294.jpeg,3
test_1295.jpeg,3
test_1296.jpeg,4
test_1297.jpeg,3
test_1298.jpeg,4
test_1299.jpeg,2
test_1300.jpeg,2
test_1301.jpeg,2
test_1302.jpeg,0
test_1303.jpeg,0
test_1304.jpeg,3
test_1305.jpeg,3
test_1306.jpeg,3
test_1307.jpeg,2
test_1308.jpeg,4
test_1309.jpeg,0
test_1310.jpeg,4
test_1311.jpeg,3
test_1312.jpeg,4
test_1313.jpeg,3
test_1314.jpeg,3
test_1315.jpeg,1
test_1316.jpeg,0
test_1317.jpeg,4
test_1318.jpeg,3
test_1319.jpeg,0
test_1320.jpeg,1
test_1321.jpeg,1
test_1322.jpeg,2
test_1323.jpeg,3
test_1324.jpeg,2
test_1325.jpeg,2
test_1326.jpeg,0
test_1327.jpeg,1
test_1328.jpeg,2
test_1329.jpeg,0
test_1330.jpeg,2
test_1331.jpeg,0
test_1332.jpeg,2
test_1333.jpeg,4
test_1334.jpeg,2
test_1335.jpeg,4
test_1336.jpeg,1
test_1337.jpeg,3
test_1338.jpeg,2
test_1339.jpeg,1
test_1340.jpeg,3
test_1341.jpeg,4
test_1342.jpeg,0
test_1343.jpeg,2
test_1344.jpeg,1
test_1345.jpeg,2
test_1346.jpeg,0
test_1347.jpeg,0
test_1348.jpeg,3
test_1349.jpeg,0
test_1350.jpeg,3
test_1351.jpeg,4
test_1352.jpeg,2
test_1353.jpeg,3
test_1354.jpeg,3
test_1355.jpeg,0
test_1356.jpeg,4
test_1357.jpeg,3
test_1358.jpeg,0
test_1359.jpeg,2
test_1360.jpeg,4
test_1361.jpeg,0
test_1362.jpeg,4
test_1363.jpeg,3
test_1364.jpeg,4
test_1365.jpeg,0
test_1366.jpeg,0
test_1367.jpeg,4
test_1368.jpeg,2
test_1369.jpeg,4
test_1370.jpeg,1
test_1371.jpeg,2
test_1372.jpeg,1
test_1373.jpeg,0
test_1374.jpeg,3
test_1375.jpeg,1
test_1376.jpeg,4
test_1377.jpeg,3
test_1378.jpeg,0
test_1379.jpeg,4
test_1380.jpeg,2
test_1381.jpeg,4
test_1382.jpeg,3
test_1383.jpeg,2
test_1384.jpeg,2
test_1385.jpeg,2
test_1386.jpeg,3
test_1387.jpeg,2
test_1388.jpeg,1
test_1389.jpeg,4
test_1390.jpeg,4
test_1391.jpeg,2
test_1392.jpeg,2
test_1393.jpeg,2
test_1394.jpeg,3
test_1395.jpeg,4
test_1396.jpeg,2
test_1397.jpeg,3
test_1398.jpeg,3
test_1399.jpeg,2
test_1400.jpeg,0
test_1401.jpeg,4
test_1402.jpeg,4
test_1403.jpeg,1
test_1404.jpeg,2
test_1405.jpeg,2
test_1406.jpeg,3
test_1407.jpeg,1
test_1408.jpeg,0
test_1409.jpeg,4
test_1410.jpeg,4
test_1411.jpeg,3
test_1412.jpeg,2
test_1413.jpeg,1
test_1414.jpeg,1
test_1415.jpeg,2
test_1416.jpeg,2
test_1417.jpeg,1
test_1418.jpeg,0
test_1419.jpeg,1
test_1420.jpeg,0
test_1421.jpeg,1
test_1422.jpeg,2
test_1423.jpeg,1
test_1424.jpeg,4
test_1425.jpeg,2
test_1426.jpeg,0
test_1427.jpeg,0
test_1428.jpeg,1
test_1429.jpeg,1
test_1430.jpeg,3
test_1431.jpeg,1
test_1432.jpeg,1
test_1433.jpeg,2
test_1434.jpeg,0
test_1435.jpeg,0
test_1436.jpeg,2
test_1437.jpeg,2
test_1438.jpeg,1
test_1439.jpeg,0
test_1440.jpeg,2
test_1441.jpeg,4
test_1442.jpeg,4
test_1443.jpeg,0
test_1444.jpeg,1
test_1445.jpeg,0
test_1446.jpeg,3
test_1447.jpeg,1
test_1448.jpeg,1
test_1449.jpeg,3
test_1450.jpeg,1
test_1451.jpeg,3
test_1452.jpeg,4
test_1453.jpeg,3
test_1454.jpeg,2
test_1455.jpeg,4
test_1456.jpeg,0
test_1457.jpeg,2
test_1458.jpeg,1
test_1459.jpeg,0
test_1460.jpeg,0
test_1461.jpeg,2
test_1462.jpeg,3
test_1463.jpeg,4
test_1464.jpeg,3
test_1465.jpeg,2
test_1466.jpeg,3
test_1467.jpeg,3
test_1468.jpeg,1
test_1469.jpeg,0
test_1470.jpeg,2
test_1471.jpeg,3
test_1472.jpeg,2
test_1473.jpeg,2
test_1474.jpeg,2
test_1475.jpeg,0
test_1476.jpeg,1
test_1477.jpeg,1
test_1478.jpeg,0
test_1479.jpeg,4
test_1480.jpeg,0
test_1481.jpeg,1
test_1482.jpeg,1
test_1483.jpeg,4
test_1484.jpeg,2
test_1485.jpeg,4
test_1486.jpeg,4
test_1487.jpeg,3
test_1488.jpeg,0
test_1489.jpeg,2
test_1490.jpeg,2
test_1491.jpeg,4
test_1492.jpeg,0
test_1493.jpeg,3
test_1494.jpeg,3
test_1495.jpeg,4
test_1496.jpeg,4
test_1497.jpeg,1
test_1498.jpeg,2
test_1499.jpeg,1
test_1500.jpeg,3
test_1501.jpeg,1
test_1502.jpeg,0
test_1503.jpeg,3
test_1504.jpeg,4
test_1505.jpeg,3
test_1506.jpeg,0
test_1507.jpeg,0
test_1508.jpeg,4
test_1509.jpeg,1
test_1510.jpeg,1
test_1511.jpeg,3
test_1512.jpeg,2
test_1513.jpeg,4
test_1514.jpeg,4
test_1515.jpeg,2
test_1516.jpeg,0
test_1517.jpeg,0
test_1518.jpeg,4
test_1519.jpeg,4
test_1520.jpeg,4
test_1521.jpeg,4
test_1522.jpeg,0
test_1523.jpeg,2
test_1524.jpeg,3
test_1525.jpeg,0
test_1526.jpeg,4
test_1527.jpeg,2
test_1528.jpeg,2
test_1529.jpeg,4
test_1530.jpeg,3
test_1531.jpeg,2
test_1532.jpeg,4
test_1533.jpeg,3
test_1534.jpeg,3
test_1535.jpeg,0
test_1536.jpeg,4
test_1537.jpeg,1
test_1538.jpeg,2
test_1539.jpeg,2
test_1540.jpeg,4
test_1541.jpeg,1
test_1542.jpeg,1
test_1543.jpeg,1
test_1544.jpeg,1
test_1545.jpeg,0
test_1546.jpeg,2
test_1547.jpeg,3
test_1548.jpeg,2
test_1549.jpeg,1
test_1550.jpeg,1
test_1551.jpeg,0
test_1552.jpeg,2
test_1553.jpeg,0
test_1554.jpeg,1
test_1555.jpeg,1
test_1556.jpeg,3
test_1557.jpeg,2
test_1558.jpeg,2
test_1559.jpeg,2
test_1560.jpeg,3
test_1561.jpeg,1
test_1562.jpeg,1
test_1563.jpeg,4
test_1564.jpeg,1
test_1565.jpeg,4
test_1566.jpeg,2
test_1567.jpeg,4
test_1568.jpeg,0
test_1569.jpeg,1
test_1570.jpeg,3
test_1571.jpeg,1
test_1572.jpeg,1
test_1573.jpeg,2
test_1574.jpeg,4
test_1575.jpeg,0
test_1576.jpeg,3
test_1577.jpeg,0
test_1578.jpeg,1
test_1579.jpeg,4
test_1580.jpeg,0
test_1581.jpeg,2
test_1582.jpeg,4
test_1583.jpeg,1
test_1584.jpeg,4
test_1585.jpeg,1
test_1586.jpeg,4
test_1587.jpeg,1
test_1588.jpeg,1
test_1589.jpeg,3
test_1590.jpeg,2
test_1591.jpeg,1
test_1592.jpeg,2
test_1593.jpeg,0
test_1594.jpeg,0
test_1595.jpeg,1
test_1596.jpeg,1
test_1597.jpeg,4
test_1598.jpeg,2
test_1599.jpeg,2
test_1600.jpeg,4
test_1601.jpeg,3
test_1602.jpeg,3
test_1603.jpeg,3
test_1604.jpeg,1
test_1605.jpeg,0
test_1606.jpeg,1
test_1607.jpeg,1
test_1608.jpeg,1
test_1609.jpeg,4
test_1610.jpeg,2
test_1611.jpeg,1
test_1612.jpeg,3
test_1613.jpeg,2
test_1614.jpeg,3
test_1615.jpeg,2
test_1616.jpeg,3
test_1617.jpeg,2
test_1618.jpeg,3
test_1619.jpeg,2
test_1620.jpeg,2
test_1621.jpeg,3
test_1622.jpeg,2
test_1623.jpeg,0
test_1624.jpeg,1
test_1625.jpeg,3
test_1626.jpeg,0
test_1627.jpeg,1
test_1628.jpeg,3
test_1629.jpeg,0
test_1630.jpeg,3
test_1631.jpeg,0
test_1632.jpeg,4
test_1633.jpeg,3
test_1634.jpeg,4
test_1635.jpeg,0
test_1636.jpeg,1
test_1637.jpeg,2
test_1638.jpeg,1
test_1639.jpeg,4
test_1640.jpeg,2
test_1641.jpeg,3
test_1642.jpeg,2
test_1643.jpeg,2
test_1644.jpeg,1
test_1645.jpeg,4
test_1646.jpeg,2
test_1647.jpeg,0
test_1648.jpeg,0
test_1649.jpeg,1
test_1650.jpeg,2
test_1651.jpeg,1
test_1652.jpeg,0
test_1653.jpeg,3
test_1654.jpeg,3
test_1655.jpeg,3
test_1656.jpeg,0
test_1657.jpeg,2
test_1658.jpeg,2
test_1659.jpeg,4
test_1660.jpeg,4
test_1661.jpeg,1
test_1662.jpeg,4
test_1663.jpeg,3
test_1664.jpeg,2
test_1665.jpeg,2
test_1666.jpeg,0
test_1667.jpeg,2
test_1668.jpeg,2
test_1669.jpeg,3
test_1670.jpeg,4
test_1671.jpeg,4
test_1672.jpeg,1
test_1673.jpeg,4
test_1674.jpeg,3
test_1675.jpeg,3
test_1676.jpeg,0
test_1677.jpeg,0
test_1678.jpeg,3
test_1679.jpeg,4
test_1680.jpeg,3
test_1681.jpeg,3
test_1682.jpeg,1
test_1683.jpeg,4
test_1684.jpeg,4
test_1685.jpeg,2
test_1686.jpeg,1
test_1687.jpeg,4
test_1688.jpeg,1
test_1689.jpeg,1
test_1690.jpeg,2
test_1691.jpeg,3
test_1692.jpeg,2
test_1693.jpeg,4
test_1694.jpeg,0
test_1695.jpeg,4
test_1696.jpeg,0
test_1697.jpeg,0
test_1698.jpeg,1
test_1699.jpeg,4
test_1700.jpeg,3
test_1701.jpeg,1
test_1702.jpeg,1
test_1703.jpeg,2
test_1704.jpeg,0
test_1705.jpeg,4
test_1706.jpeg,4
test_1707.jpeg,4
test_1708.jpeg,3
test_1709.jpeg,0
test_1710.jpeg,0
test_1711.jpeg,0
test_1712.jpeg,0
test_1713.jpeg,4
test_1714.jpeg,4
test_1715.jpeg,3
test_1716.jpeg,2
test_1717.jpeg,0
test_1718.jpeg,1
test_1719.jpeg,3
test_1720.jpeg,4
test_1721.jpeg,4
test_1722.jpeg,3
test_1723.jpeg,4
test_1724.jpeg,0
test_1725.jpeg,2
test_1726.jpeg,2
test_1727.jpeg,1
test_1728.jpeg,0
test_1729.jpeg,2
test_1730.jpeg,1
test_1731.jpeg,1
test_1732.jpeg,3
test_1733.jpeg,2
test_1734.jpeg,2
test_1735.jpeg,0
test_1736.jpeg,0
test_1737.jpeg,2
test_1738.jpeg,2
test_1739.jpeg,4
test_1740.jpeg,0
test_1741.jpeg,4
test_1742.jpeg,0
test_1743.jpeg,4
test_1744.jpeg,4
test_1745.jpeg,4
test_1746.jpeg,2
test_1747.jpeg,2
test_1748.jpeg,3
test_1749.jpeg,4
test_1750.jpeg,2
test_1751.jpeg,2
test_1752.jpeg,1
test_1753.jpeg,2
test_1754.jpeg,4
test_1755.jpeg,0
test_1756.jpeg,4
test_1757.jpeg,4
test_1758.jpeg,0
test_1759.jpeg,0
test_1760.jpeg,1
test_1761.jpeg,2
test_1762.jpeg,0
test_1763.jpeg,3
test_1764.jpeg,2
test_1765.jpeg,3
test_1766.jpeg,3
test_1767.jpeg,3
test_1768.jpeg,1
test_1769.jpeg,1
test_1770.jpeg,4
test_1771.jpeg,4
test_1772.jpeg,3
test_1773.jpeg,3
test_1774.jpeg,2
test_1775.jpeg,2
test_1776.jpeg,1
test_1777.jpeg,0
test_1778.jpeg,1
test_1779.jpeg,3
test_1780.jpeg,0
test_1781.jpeg,0
test_1782.jpeg,0
test_1783.jpeg,1
test_1784.jpeg,3
test_1785.jpeg,3
test_1786.jpeg,1
test_1787.jpeg,1
test_1788.jpeg,1
test_1789.jpeg,2
test_1790.jpeg,0
test_1791.jpeg,0
test_1792.jpeg,2
test_1793.jpeg,2
test_1794.jpeg,0
test_1795.jpeg,1
test_1796.jpeg,2
test_1797.jpeg,4
test_1798.jpeg,4
test_1799.jpeg,4
test_1800.jpeg,3
test_1801.jpeg,2
test_1802.jpeg,2
test_1803.jpeg,2
test_1804.jpeg,0
test_1805.jpeg,1
test_1806.jpeg,1
test_1807.jpeg,3
test_1808.jpeg,3
test_1809.jpeg,0
test_1810.jpeg,0
test_1811.jpeg,2
test_1812.jpeg,3
test_1813.jpeg,3
test_1814.jpeg,2
test_1815.jpeg,2
test_1816.jpeg,2
test_1817.jpeg,1
test_1818.jpeg,4
test_1819.jpeg,4
test_1820.jpeg,4
test_1821.jpeg,1
test_1822.jpeg,3
test_1823.jpeg,1
test_1824.jpeg,1
test_1825.jpeg,4
test_1826.jpeg,3
test_1827.jpeg,4
test_1828.jpeg,4
test_1829.jpeg,1
test_1830.jpeg,1
test_1831.jpeg,2
test_1832.jpeg,2
test_1833.jpeg,0
test_1834.jpeg,0
test_1835.jpeg,4
test_1836.jpeg,1
test_1837.jpeg,1
test_1838.jpeg,4
test_1839.jpeg,2
test_1840.jpeg,1
test_1841.jpeg,4
test_1842.jpeg,3
test_1843.jpeg,0
test_1844.jpeg,1
test_1845.jpeg,1
test_1846.jpeg,4
test_1847.jpeg,1
test_1848.jpeg,0
test_1849.jpeg,0
test_1850.jpeg,3
test_1851.jpeg,4
test_1852.jpeg,3
test_1853.jpeg,0
test_1854.jpeg,4
test_1855.jpeg,3
test_1856.jpeg,4
test_1857.jpeg,1
test_1858.jpeg,4
test_1859.jpeg,3
test_1860.jpeg,2
test_1861.jpeg,2
test_1862.jpeg,3
test_1863.jpeg,3
test_1864.jpeg,3
test_1865.jpeg,1
test_1866.jpeg,1
test_1867.jpeg,4
test_1868.jpeg,0
test_1869.jpeg,2
test_1870.jpeg,0
test_1871.jpeg,2
test_1872.jpeg,1
test_1873.jpeg,4
test_1874.jpeg,4
test_1875.jpeg,3
test_1876.jpeg,1
test_1877.jpeg,2
test_1878.jpeg,0
test_1879.jpeg,4
test_1880.jpeg,0
test_1881.jpeg,2
test_1882.jpeg,4
test_1883.jpeg,0
test_1884.jpeg,2
test_1885.jpeg,0
test_1886.jpeg,2
test_1887.jpeg,0
test_1888.jpeg,4
test_1889.jpeg,0
test_1890.jpeg,1
test_1891.jpeg,0
test_1892.jpeg,3
test_1893.jpeg,0
test_1894.jpeg,4
test_1895.jpeg,3
test_1896.jpeg,1
test_1897.jpeg,4
test_1898.jpeg,4
test_1899.jpeg,2
test_1900.jpeg,4
test_1901.jpeg,3
test_1902.jpeg,3
test_1903.jpeg,0
test_1904.jpeg,2
test_1905.jpeg,0
test_1906.jpeg,4
test_1907.jpeg,3
test_1908.jpeg,4
test_1909.jpeg,3
test_1910.jpeg,4
test_1911.jpeg,0
test_1912.jpeg,2
test_1913.jpeg,3
test_1914.jpeg,3
test_1915.jpeg,2
test_1916.jpeg,1
test_1917.jpeg,3
test_1918.jpeg,0
test_1919.jpeg,2
test_1920.jpeg,3
test_1921.jpeg,3
test_1922.jpeg,0
test_1923.jpeg,2
test_1924.jpeg,4
test_1925.jpeg,1
test_1926.jpeg,3
test_1927.jpeg,1
test_1928.jpeg,1
test_1929.jpeg,4
test_1930.jpeg,0
test_1931.jpeg,2
test_1932.jpeg,3
test_1933.jpeg,0
test_1934.jpeg,3
test_1935.jpeg,3
test_1936.jpeg,4
test_1937.jpeg,4
test_1938.jpeg,4
test_1939.jpeg,2
test_1940.jpeg,2
test_1941.jpeg,4
test_1942.jpeg,0
test_1943.jpeg,1
test_1944.jpeg,4
test_1945.jpeg,1
test_1946.jpeg,4
test_1947.jpeg,0
test_1948.jpeg,2
test_1949.jpeg,2
test_1950.jpeg,3
test_1951.jpeg,2
test_1952.jpeg,4
test_1953.jpeg,1
test_1954.jpeg,0
test_1955.jpeg,1
test_1956.jpeg,2
test_1957.jpeg,0
test_1958.jpeg,3
test_1959.jpeg,2
test_1960.jpeg,2
test_1961.jpeg,0
test_1962.jpeg,3
test_1963.jpeg,3
test_1964.jpeg,3
test_1965.jpeg,2
test_1966.jpeg,1
test_1967.jpeg,2
test_1968.jpeg,2
test_1969.jpeg,2
test_1970.jpeg,4
test_1971.jpeg,3
test_1972.jpeg,2
test_1973.jpeg,2
test_1974.jpeg,1
test_1975.jpeg,3
test_1976.jpeg,2
test_1977.jpeg,3
test_1978.jpeg,0
test_1979.jpeg,0
test_1980.jpeg,2
test_1981.jpeg,1
test_1982.jpeg,0
test_1983.jpeg,0
test_1984.jpeg,3
test_1985.jpeg,1
test_1986.jpeg,4
test_1987.jpeg,1
test_1988.jpeg,2
test_1989.jpeg,0
test_1990.jpeg,3
test_1991.jpeg,3
test_1992.jpeg,0
test_1993.jpeg,4
test_1994.jpeg,3
test_1995.jpeg,3
test_1996.jpeg,0
test_1997.jpeg,1
test_1998.jpeg,3
test_1999.jpeg,3
test_2000.jpeg,2
test_2001.jpeg,1
test_2002.jpeg,1
test_2003.jpeg,4
test_2004.jpeg,1
test_2005.jpeg,0
test_2006.jpeg,3
test_2007.jpeg,3
test_2008.jpeg,4
test_2009.jpeg,2
test_2010.jpeg,3
test_2011.jpeg,4
test_2012.jpeg,2
test_2013.jpeg,0
test_2014.jpeg,2
test_2015.jpeg,0
test_2016.jpeg,1
test_2017.jpeg,3
test_2018.jpeg,0
test_2019.jpeg,2
test_2020.jpeg,3
test_2021.jpeg,4
test_2022.jpeg,3
test_2023.jpeg,1
test_2024.jpeg,2
test_2025.jpeg,1
